month,visitors
2014-01,24778
2014-02,18976
2014-03,25231
2014-04,26989
2014-05,36883
2014-06,29487
2014-07,32378
2014-08,37680
2014-09,28473
2014-10,27995
2014-11,25691
2014-12,18754
2015-01,20438
2015-02,15578
2015-03,21297
2015-04,26670
2015-05,34383
2015-06,30569
2015-07,41242
2015-08,30700
2015-09,20967
2015-10,29764
2015-11,24483
2015-12,21426
2016-01,19659
2016-02,17378
2016-03,20322
2016-04,24521
2016-05,31728
2016-06,23696
2016-07,31689
2016-08,25987
2016-09,22897
2016-10,25040
2016-11,17760
2016-12,20107
2017-01,18792
2017-02,14035
2017-03,20680
2017-04,25234
2017-05,30029
2017-06,22169
2017-07,30831
2017-08,27009
2017-09,23403
2017-10,22164
2017-11,17629
2017-12,18339
2018-01,16265
2018-02,14718
2018-03,19001
2018-04,18966
2018-05,25173
2018-06,22171
2018-07,23136
2018-08,20815
2018-09,21020
2018-10,19280
2018-11,17163
2018-12,17722
2019-01,13958
2019-02,10737
2019-03,17056
2019-04,21074
2019-05,26041
2019-06,20226
2019-07,24097
2019-08,20921
2019-09,17689
2019-10,18822
2019-11,15507
2019-12,15398
2020-01,15518
2020-02,12997
2020-03,4520
2020-04,0
2020-05,0
2020-06,0
2020-07,0
2020-08,0
2020-09,0
2020-10,0
2020-11,0
2020-12,0
2021-01,0
2021-02,0
2021-03,0
2021-04,0
2021-05,0
2021-06,3710
