month,visitors,avg_temp_F,min_temp_F,max_temp_F,total_precip_in,avg_wind_mph,avila_adobe,el_pueblo_los_angeles,getty_museum,griffith_observatory,la_brea_tar_pits,los_angeles_attractions,los_angeles_history,los_angeles_museums,mexican_heritage_los_angeles,olvera_street,cultural_experiences_los_angeles,cultural_heritage_los_angeles,family_activities_los_angeles,family_things_to_do_in_downtown_la,free_museums_los_angeles,heritage_tourism_los_angeles,historic_attractions_los_angeles,historic_district_los_angeles,historic_house_los_angeles,historic_house_museum,historic_sites_california,historical_sites_los_angeles,indoor_things_to_do_in_los_angeles,interactive_museums_los_angeles,kid_friendly_museums_los_angeles,life_in_the_1840s,living_history_museum,oldest_building_in_los_angeles,oldest_home_in_los_angeles,oldest_house_los_angeles,oldest_house_in_los_angeles,rainy_day_activities_los_angeles,things_to_do_in_la,things_to_do_in_la_for_2_hours,things_to_do_in_la_for_a_couple_hours,things_to_do_in_la_in_december,things_to_do_in_la_in_february,things_to_do_in_la_in_january,things_to_do_in_la_when_it_rains,things_to_do_in_los_angeles,things_to_do_in_los_angeles_in_winter,things_to_do_in_downtown_la,things_to_do_near_union_station_los_angeles,year_x,month_num_x,quarter,is_winter,is_spring,is_summer,is_fall,holiday_season_x,summer_tourism_season,school_year_month,month_sin,month_cos,year_y,month_num_y,has_federal_holiday,mn_only_holiday,holiday_season_y,summer_season,spring_break,fall_break,winter_break,la_event_season,visitors_lag1,visitors_lag12,rolling_mean_3
2015-01,20438,59.88,50.93,70.73,1.18,3.06,76.0,36.0,60.0,49.0,50.0,56.0,72.0,83.0,0.0,47.0,0.0,0.0,81.0,0.0,61.0,0.0,0.0,0.0,0.0,0.0,0.0,0.0,0.0,0.0,0.0,0.0,0.0,0.0,0.0,0.0,0.0,0.0,43.0,0.0,0.0,0.0,48.0,96.0,0.0,52.0,0.0,49.0,0.0,2015,1,1,1,0,0,0,0,0,1,0.4999999999999999,0.8660254037844387,2015,1,1,0,0,0,0,0,1,0,18754.0,24778.0,24146.666666666668
2015-02,15578,61.71,53.47,71.53,0.42,4.37,0.0,43.0,50.0,42.0,48.0,51.0,72.0,54.0,0.0,45.0,0.0,0.0,0.0,0.0,17.0,0.0,0.0,0.0,0.0,0.0,0.0,0.0,0.0,0.0,0.0,0.0,0.0,0.0,0.0,0.0,0.0,0.0,38.0,0.0,0.0,0.0,84.0,0.0,0.0,44.0,0.0,31.0,0.0,2015,2,1,1,0,0,0,0,0,1,0.8660254037844386,0.5000000000000001,2015,2,0,0,0,0,0,0,0,1,20438.0,18976.0,21627.666666666668
2015-03,21297,65.89,56.94,76.41,0.65,4.98,0.0,56.0,56.0,45.0,45.0,63.0,69.0,53.0,0.0,58.0,0.0,0.0,63.0,0.0,24.0,0.0,0.0,0.0,0.0,0.0,0.0,0.0,0.0,0.0,0.0,0.0,76.0,0.0,0.0,0.0,0.0,0.0,43.0,0.0,0.0,0.0,0.0,0.0,0.0,48.0,0.0,42.0,0.0,2015,3,1,0,1,0,0,0,0,1,1.0,6.123233995736766e-17,2015,3,0,0,0,0,1,0,0,1,15578.0,25231.0,18256.666666666668
2015-04,26670,63.79,55.77,72.81,0.18,6.3,0.0,56.0,57.0,45.0,51.0,57.0,74.0,47.0,0.0,64.0,0.0,0.0,69.0,0.0,19.0,0.0,0.0,100.0,0.0,0.0,0.0,0.0,0.0,0.0,0.0,0.0,0.0,0.0,0.0,0.0,0.0,0.0,41.0,0.0,0.0,0.0,0.0,0.0,0.0,49.0,0.0,30.0,0.0,2015,4,2,0,1,0,0,0,0,1,0.8660254037844387,-0.4999999999999998,2015,4,0,0,0,0,1,0,0,0,21297.0,26989.0,19104.333333333332
2015-05,34383,62.26,56.97,69.09,0.37,6.75,0.0,80.0,58.0,46.0,47.0,63.0,83.0,55.0,0.0,68.0,0.0,0.0,83.0,0.0,26.0,0.0,0.0,0.0,0.0,0.0,0.0,0.0,0.0,0.0,0.0,0.0,0.0,0.0,0.0,0.0,0.0,0.0,45.0,0.0,0.0,0.0,0.0,0.0,0.0,52.0,0.0,46.0,0.0,2015,5,2,0,1,0,0,0,0,1,0.4999999999999999,-0.8660254037844387,2015,5,0,0,0,0,0,0,0,0,26670.0,36883.0,21181.666666666668
2015-06,30569,68.56,62.68,76.83,0.02,6.39,0.0,74.0,52.0,52.0,59.0,69.0,77.0,70.0,0.0,64.0,0.0,0.0,73.0,0.0,46.0,0.0,0.0,0.0,0.0,0.0,94.0,0.0,0.0,0.0,0.0,0.0,0.0,0.0,0.0,0.0,0.0,0.0,56.0,0.0,0.0,0.0,0.0,0.0,0.0,57.0,0.0,46.0,0.0,2015,6,2,0,0,1,0,0,1,0,1.2246467991473532e-16,-1.0,2015,6,0,0,0,1,0,0,0,1,34383.0,29487.0,27450.0
2015-07,41242,71.62,66.35,79.37,0.33,6.57,0.0,72.0,65.0,73.0,76.0,92.0,82.0,76.0,0.0,59.0,0.0,0.0,88.0,0.0,35.0,0.0,0.0,0.0,0.0,0.0,0.0,0.0,0.0,0.0,0.0,0.0,0.0,0.0,0.0,0.0,0.0,0.0,73.0,0.0,0.0,0.0,0.0,0.0,0.0,74.0,0.0,68.0,0.0,2015,7,3,0,0,1,0,0,1,0,-0.4999999999999997,-0.8660254037844388,2015,7,0,0,0,1,0,0,0,0,30569.0,32378.0,30540.666666666668
2015-08,30700,74.68,68.55,83.21,0.0,6.03,0.0,43.0,65.0,68.0,64.0,77.0,87.0,57.0,0.0,64.0,0.0,0.0,87.0,0.0,26.0,0.0,0.0,0.0,89.0,0.0,0.0,0.0,0.0,0.0,0.0,0.0,0.0,0.0,0.0,0.0,0.0,0.0,68.0,0.0,0.0,0.0,0.0,0.0,0.0,67.0,0.0,52.0,0.0,2015,8,3,0,0,1,0,0,1,0,-0.8660254037844384,-0.5000000000000004,2015,8,0,0,0,1,0,0,0,0,41242.0,37680.0,35398.0
2015-09,20967,76.51,69.88,85.12,1.45,5.22,0.0,88.0,49.0,65.0,50.0,58.0,83.0,51.0,0.0,58.0,0.0,0.0,69.0,0.0,17.0,0.0,0.0,0.0,0.0,0.0,0.0,0.0,0.0,0.0,0.0,0.0,100.0,0.0,0.0,0.0,0.0,0.0,53.0,0.0,0.0,0.0,0.0,0.0,0.0,46.0,0.0,48.0,0.0,2015,9,3,0,0,0,1,0,0,1,-1.0,-1.8369701987210292e-16,2015,9,0,0,0,0,0,0,0,1,30700.0,28473.0,34170.333333333336
2015-10,29764,74.51,67.08,83.57,0.24,5.2,0.0,53.0,48.0,40.0,46.0,58.0,77.0,40.0,0.0,92.0,0.0,0.0,0.0,0.0,16.0,0.0,100.0,0.0,0.0,0.0,0.0,0.0,0.0,0.0,0.0,0.0,0.0,0.0,0.0,0.0,0.0,0.0,45.0,0.0,0.0,0.0,0.0,0.0,0.0,49.0,0.0,43.0,0.0,2015,10,4,0,0,0,1,0,0,1,-0.8660254037844386,0.5000000000000001,2015,10,0,1,0,0,0,1,0,0,20967.0,27995.0,30969.666666666668
2015-11,24483,62.33,51.46,73.95,0.07,4.76,0.0,45.0,50.0,48.0,55.0,51.0,69.0,52.0,0.0,69.0,0.0,0.0,0.0,0.0,29.0,0.0,0.0,0.0,0.0,0.0,0.0,0.0,0.0,0.0,0.0,0.0,0.0,0.0,0.0,0.0,0.0,0.0,45.0,0.0,0.0,21.0,0.0,0.0,0.0,45.0,0.0,34.0,0.0,2015,11,4,0,0,0,1,1,0,1,-0.5000000000000004,0.8660254037844384,2015,11,0,0,1,0,0,0,0,0,29764.0,25691.0,27143.666666666668
2015-12,21426,56.2,47.04,66.23,0.88,4.86,0.0,44.0,61.0,58.0,56.0,65.0,73.0,63.0,0.0,59.0,0.0,0.0,68.0,0.0,32.0,0.0,0.0,0.0,0.0,0.0,0.0,0.0,0.0,0.0,0.0,0.0,0.0,0.0,0.0,0.0,0.0,0.0,57.0,0.0,0.0,47.0,40.0,42.0,0.0,57.0,0.0,59.0,0.0,2015,12,4,1,0,0,0,1,0,1,-2.4492935982947064e-16,1.0,2015,12,0,0,1,0,0,0,1,0,24483.0,18754.0,25071.333333333332
2016-01,19659,56.45,48.98,64.58,3.33,4.19,0.0,51.0,60.0,56.0,60.0,53.0,100.0,100.0,0.0,53.0,0.0,0.0,0.0,0.0,100.0,0.0,0.0,0.0,0.0,0.0,0.0,0.0,0.0,0.0,0.0,0.0,0.0,0.0,0.0,0.0,0.0,0.0,64.0,0.0,0.0,0.0,0.0,100.0,0.0,58.0,0.0,66.0,0.0,2016,1,1,1,0,0,0,0,0,1,0.4999999999999999,0.8660254037844387,2016,1,1,0,0,0,0,0,1,0,21426.0,20438.0,25224.333333333332
2016-02,17378,62.94,51.8,75.5,0.66,3.96,0.0,49.0,52.0,48.0,53.0,54.0,75.0,66.0,0.0,55.0,0.0,0.0,85.0,0.0,27.0,0.0,0.0,55.0,0.0,0.0,0.0,0.0,0.0,0.0,0.0,0.0,0.0,0.0,0.0,0.0,0.0,0.0,55.0,0.0,0.0,0.0,81.0,0.0,0.0,52.0,0.0,49.0,0.0,2016,2,1,1,0,0,0,0,0,1,0.8660254037844386,0.5000000000000001,2016,2,0,0,0,0,0,0,0,1,19659.0,15578.0,21856.0
2016-03,20322,60.79,53.53,69.28,1.64,6.35,0.0,66.0,64.0,56.0,58.0,65.0,77.0,67.0,0.0,70.0,0.0,0.0,58.0,0.0,29.0,0.0,0.0,0.0,0.0,0.0,0.0,0.0,0.0,0.0,0.0,0.0,46.0,0.0,0.0,0.0,0.0,0.0,68.0,0.0,0.0,0.0,0.0,0.0,0.0,59.0,0.0,60.0,0.0,2016,3,1,0,1,0,0,0,0,1,1.0,6.123233995736766e-17,2016,3,0,0,0,0,1,0,0,1,17378.0,21297.0,19487.666666666668
2016-04,24521,64.05,56.41,72.9,0.29,6.41,59.0,36.0,55.0,52.0,59.0,58.0,80.0,60.0,0.0,70.0,0.0,0.0,68.0,0.0,32.0,0.0,0.0,0.0,0.0,0.0,0.0,0.0,57.0,0.0,0.0,0.0,0.0,0.0,0.0,0.0,0.0,0.0,59.0,0.0,0.0,0.0,0.0,0.0,45.0,52.0,0.0,57.0,0.0,2016,4,2,0,1,0,0,0,0,1,0.8660254037844387,-0.4999999999999998,2016,4,0,0,0,0,1,0,0,0,20322.0,26670.0,19119.666666666668
2016-05,31728,62.4,57.76,69.47,0.31,6.5,0.0,69.0,65.0,59.0,55.0,69.0,77.0,58.0,0.0,78.0,0.0,0.0,46.0,0.0,26.0,0.0,0.0,47.0,0.0,0.0,0.0,0.0,0.0,0.0,0.0,0.0,0.0,0.0,0.0,0.0,0.0,0.0,63.0,0.0,0.0,0.0,0.0,0.0,0.0,60.0,0.0,63.0,0.0,2016,5,2,0,1,0,0,0,0,1,0.4999999999999999,-0.8660254037844387,2016,5,0,0,0,0,0,0,0,0,24521.0,34383.0,20740.333333333332
2016-06,23696,68.8,62.29,77.52,0.0,6.51,0.0,80.0,62.0,61.0,59.0,61.0,81.0,66.0,0.0,66.0,0.0,0.0,80.0,0.0,30.0,0.0,0.0,0.0,0.0,0.0,0.0,0.0,0.0,0.0,0.0,0.0,0.0,0.0,0.0,0.0,0.0,0.0,70.0,0.0,0.0,0.0,0.0,0.0,0.0,67.0,0.0,74.0,0.0,2016,6,2,0,0,1,0,0,1,0,1.2246467991473532e-16,-1.0,2016,6,0,0,0,1,0,0,0,1,31728.0,30569.0,25523.666666666668
2016-07,31689,72.6,66.26,81.56,0.0,6.86,61.0,47.0,74.0,80.0,85.0,79.0,82.0,70.0,0.0,73.0,0.0,0.0,54.0,0.0,38.0,0.0,0.0,0.0,0.0,0.0,0.0,0.0,0.0,0.0,0.0,0.0,0.0,0.0,0.0,0.0,0.0,0.0,88.0,0.0,0.0,0.0,0.0,0.0,0.0,79.0,0.0,89.0,0.0,2016,7,3,0,0,1,0,0,1,0,-0.4999999999999997,-0.8660254037844388,2016,7,0,0,0,1,0,0,0,0,23696.0,41242.0,26648.333333333332
2016-08,25987,71.75,65.5,80.8,0.0,6.61,0.0,72.0,62.0,66.0,75.0,62.0,68.0,53.0,0.0,61.0,0.0,0.0,0.0,0.0,34.0,0.0,0.0,0.0,0.0,0.0,0.0,0.0,0.0,0.0,0.0,0.0,0.0,0.0,0.0,0.0,0.0,0.0,61.0,0.0,0.0,0.0,0.0,0.0,0.0,59.0,0.0,64.0,0.0,2016,8,3,0,0,1,0,0,1,0,-0.8660254037844384,-0.5000000000000004,2016,8,0,0,0,1,0,0,0,0,31689.0,30700.0,29037.666666666668
2016-09,22897,71.56,64.47,80.62,0.0,6.07,0.0,45.0,48.0,50.0,54.0,57.0,75.0,48.0,0.0,66.0,0.0,0.0,0.0,0.0,22.0,0.0,0.0,0.0,0.0,0.0,0.0,0.0,0.0,0.0,0.0,0.0,0.0,0.0,0.0,0.0,0.0,0.0,58.0,0.0,0.0,0.0,0.0,0.0,0.0,56.0,0.0,51.0,0.0,2016,9,3,0,0,0,1,0,0,1,-1.0,-1.8369701987210292e-16,2016,9,0,0,0,0,0,0,0,1,25987.0,20967.0,27124.0
2016-10,25040,67.85,60.39,77.3,0.3,5.1,0.0,60.0,46.0,51.0,45.0,68.0,64.0,40.0,0.0,100.0,0.0,0.0,0.0,0.0,14.0,0.0,0.0,47.0,0.0,0.0,0.0,0.0,0.0,0.0,0.0,0.0,0.0,100.0,0.0,91.0,0.0,0.0,54.0,0.0,0.0,0.0,0.0,0.0,0.0,57.0,0.0,54.0,0.0,2016,10,4,0,0,0,1,0,0,1,-0.8660254037844386,0.5000000000000001,2016,10,0,1,0,0,0,1,0,0,22897.0,29764.0,26857.666666666668
2016-11,17760,63.79,54.3,75.12,1.11,4.19,0.0,51.0,48.0,51.0,41.0,45.0,66.0,49.0,0.0,67.0,0.0,0.0,61.0,0.0,20.0,0.0,0.0,0.0,0.0,0.0,0.0,0.0,0.0,0.0,0.0,0.0,0.0,0.0,0.0,0.0,0.0,0.0,58.0,0.0,0.0,17.0,0.0,0.0,0.0,52.0,31.0,48.0,0.0,2016,11,4,0,0,0,1,1,0,1,-0.5000000000000004,0.8660254037844384,2016,11,0,0,1,0,0,0,0,0,25040.0,24483.0,24641.333333333332
2016-12,20107,57.1,49.51,65.61,2.84,4.82,0.0,45.0,55.0,60.0,51.0,63.0,71.0,58.0,0.0,57.0,0.0,0.0,86.0,0.0,28.0,0.0,0.0,0.0,0.0,0.0,0.0,0.0,0.0,0.0,0.0,0.0,0.0,0.0,0.0,0.0,64.0,0.0,59.0,0.0,0.0,39.0,0.0,32.0,0.0,66.0,74.0,62.0,0.0,2016,12,4,1,0,0,0,1,0,1,-2.4492935982947064e-16,1.0,2016,12,0,0,1,0,0,0,1,0,17760.0,21426.0,21899.0
2017-01,18792,55.19,47.9,63.07,6.6,5.38,0.0,51.0,55.0,59.0,64.0,44.0,88.0,87.0,0.0,54.0,0.0,0.0,0.0,0.0,88.0,0.0,0.0,0.0,64.0,78.0,0.0,0.0,85.0,0.0,0.0,0.0,0.0,0.0,0.0,0.0,0.0,0.0,62.0,0.0,0.0,0.0,33.0,91.0,40.0,63.0,0.0,61.0,0.0,2017,1,1,1,0,0,0,0,0,1,0.4999999999999999,0.8660254037844387,2017,1,1,0,0,0,0,0,1,0,20107.0,19659.0,20969.0
2017-02,14035,56.85,51.16,63.38,3.76,5.76,0.0,34.0,46.0,54.0,51.0,44.0,74.0,60.0,0.0,49.0,0.0,0.0,0.0,0.0,26.0,0.0,0.0,0.0,0.0,0.0,0.0,0.0,100.0,0.0,0.0,0.0,0.0,0.0,0.0,0.0,0.0,69.0,61.0,0.0,0.0,0.0,47.0,0.0,100.0,56.0,0.0,61.0,0.0,2017,2,1,1,0,0,0,0,0,1,0.8660254037844386,0.5000000000000001,2017,2,0,0,0,0,0,0,0,1,18792.0,17378.0,18886.333333333332
2017-03,20680,61.57,53.04,72.09,0.14,5.87,51.0,51.0,51.0,65.0,61.0,50.0,71.0,57.0,0.0,69.0,0.0,0.0,73.0,83.0,38.0,0.0,0.0,0.0,0.0,0.0,0.0,0.0,0.0,0.0,0.0,0.0,0.0,0.0,0.0,0.0,0.0,0.0,64.0,0.0,0.0,0.0,0.0,0.0,0.0,65.0,0.0,64.0,0.0,2017,3,1,0,1,0,0,0,0,1,1.0,6.123233995736766e-17,2017,3,0,0,0,0,1,0,0,1,14035.0,20322.0,17644.666666666668
2017-04,25234,64.06,56.07,73.85,0.23,7.21,56.0,79.0,56.0,65.0,59.0,55.0,75.0,58.0,0.0,78.0,0.0,0.0,77.0,0.0,36.0,0.0,0.0,48.0,0.0,0.0,0.0,0.0,0.0,0.0,0.0,0.0,0.0,0.0,0.0,0.0,0.0,0.0,67.0,0.0,0.0,0.0,0.0,0.0,0.0,69.0,0.0,67.0,0.0,2017,4,2,0,1,0,0,0,0,1,0.8660254037844387,-0.4999999999999998,2017,4,0,0,0,0,1,0,0,0,20680.0,24521.0,17835.666666666668
2017-05,30029,63.49,57.25,71.52,0.13,7.01,0.0,81.0,52.0,63.0,54.0,57.0,77.0,67.0,0.0,86.0,0.0,0.0,80.0,0.0,30.0,0.0,0.0,0.0,0.0,0.0,0.0,0.0,0.0,0.0,0.0,0.0,45.0,0.0,0.0,0.0,0.0,0.0,64.0,0.0,0.0,0.0,0.0,0.0,0.0,64.0,0.0,66.0,0.0,2017,5,2,0,1,0,0,0,0,1,0.4999999999999999,-0.8660254037844387,2017,5,0,0,0,0,0,0,0,0,25234.0,31728.0,19983.0
2017-06,22169,67.84,61.53,76.43,0.0,6.63,0.0,91.0,58.0,77.0,69.0,65.0,78.0,72.0,0.0,83.0,0.0,0.0,55.0,0.0,46.0,0.0,0.0,0.0,0.0,0.0,0.0,0.0,0.0,0.0,0.0,0.0,0.0,0.0,0.0,0.0,0.0,0.0,82.0,0.0,0.0,0.0,0.0,0.0,0.0,83.0,0.0,100.0,84.0,2017,6,2,0,0,1,0,0,1,0,1.2246467991473532e-16,-1.0,2017,6,0,0,0,1,0,0,0,1,30029.0,23696.0,25314.333333333332
2017-07,30831,72.72,66.53,81.79,0.0,6.67,0.0,62.0,71.0,90.0,82.0,81.0,76.0,80.0,0.0,85.0,0.0,0.0,62.0,0.0,46.0,0.0,0.0,0.0,0.0,0.0,0.0,0.0,0.0,0.0,92.0,0.0,0.0,0.0,0.0,0.0,100.0,0.0,97.0,0.0,0.0,0.0,0.0,0.0,0.0,100.0,0.0,99.0,0.0,2017,7,3,0,0,1,0,0,1,0,-0.4999999999999997,-0.8660254037844388,2017,7,0,0,0,1,0,0,0,0,22169.0,31689.0,25810.666666666668
2017-08,27009,72.77,67.28,81.25,0.0,6.62,0.0,76.0,55.0,83.0,57.0,62.0,69.0,60.0,0.0,59.0,0.0,0.0,62.0,0.0,33.0,0.0,0.0,0.0,0.0,0.0,0.0,0.0,0.0,0.0,0.0,0.0,0.0,0.0,0.0,0.0,0.0,0.0,76.0,0.0,0.0,0.0,0.0,0.0,0.0,73.0,0.0,88.0,0.0,2017,8,3,0,0,1,0,0,1,0,-0.8660254037844384,-0.5000000000000004,2017,8,0,0,0,1,0,0,0,0,30831.0,25987.0,27676.333333333332
2017-09,23403,72.04,65.22,80.79,0.07,6.14,0.0,65.0,45.0,54.0,49.0,47.0,73.0,56.0,0.0,62.0,0.0,0.0,0.0,0.0,39.0,0.0,0.0,0.0,0.0,0.0,0.0,0.0,0.0,0.0,0.0,0.0,0.0,0.0,0.0,0.0,0.0,0.0,66.0,0.0,0.0,0.0,0.0,0.0,0.0,62.0,0.0,54.0,0.0,2017,9,3,0,0,0,1,0,0,1,-1.0,-1.8369701987210292e-16,2017,9,0,0,0,0,0,0,0,1,27009.0,22897.0,26669.666666666668
2017-10,22164,71.03,62.25,82.16,0.04,4.78,0.0,57.0,45.0,49.0,43.0,50.0,61.0,38.0,0.0,97.0,0.0,0.0,70.0,0.0,20.0,0.0,0.0,0.0,57.0,0.0,100.0,0.0,0.0,0.0,0.0,0.0,0.0,0.0,100.0,0.0,0.0,0.0,55.0,0.0,0.0,0.0,0.0,0.0,0.0,54.0,0.0,50.0,0.0,2017,10,4,0,0,0,1,0,0,1,-0.8660254037844386,0.5000000000000001,2017,10,0,1,0,0,0,1,0,0,23403.0,25040.0,27081.0
2017-11,17629,64.81,56.83,75.0,0.06,4.24,0.0,49.0,51.0,53.0,47.0,40.0,64.0,48.0,0.0,68.0,0.0,0.0,50.0,0.0,19.0,0.0,0.0,0.0,0.0,0.0,0.0,0.0,0.0,0.0,0.0,0.0,0.0,0.0,0.0,0.0,0.0,0.0,57.0,0.0,0.0,29.0,0.0,22.0,0.0,57.0,33.0,54.0,0.0,2017,11,4,0,0,0,1,1,0,1,-0.5000000000000004,0.8660254037844384,2017,11,0,0,1,0,0,0,0,0,22164.0,17760.0,24192.0
2017-12,18339,60.32,49.09,73.53,0.03,3.68,0.0,37.0,100.0,67.0,51.0,57.0,69.0,61.0,0.0,71.0,0.0,0.0,92.0,0.0,20.0,0.0,0.0,0.0,0.0,0.0,0.0,0.0,57.0,0.0,0.0,0.0,0.0,0.0,0.0,0.0,0.0,0.0,72.0,0.0,0.0,74.0,0.0,37.0,0.0,77.0,51.0,84.0,0.0,2017,12,4,1,0,0,0,1,0,1,-2.4492935982947064e-16,1.0,2017,12,0,0,1,0,0,0,1,0,17629.0,20107.0,21065.333333333332
2018-01,16265,61.09,51.93,72.02,1.85,4.02,0.0,49.0,63.0,60.0,63.0,52.0,84.0,77.0,0.0,60.0,0.0,0.0,58.0,0.0,63.0,0.0,0.0,0.0,0.0,0.0,0.0,0.0,61.0,0.0,0.0,0.0,53.0,0.0,0.0,0.0,0.0,0.0,65.0,0.0,0.0,0.0,60.0,78.0,0.0,67.0,0.0,76.0,0.0,2018,1,1,1,0,0,0,0,0,1,0.4999999999999999,0.8660254037844387,2018,1,1,0,0,0,0,0,1,0,18339.0,18792.0,19377.333333333332
2018-02,14718,57.8,48.85,67.97,0.14,5.26,0.0,65.0,55.0,55.0,48.0,41.0,75.0,62.0,0.0,63.0,0.0,0.0,60.0,0.0,30.0,0.0,0.0,0.0,0.0,0.0,0.0,0.0,0.0,0.0,0.0,0.0,0.0,0.0,0.0,0.0,0.0,0.0,58.0,0.0,0.0,0.0,68.0,0.0,0.0,59.0,0.0,57.0,0.0,2018,2,1,1,0,0,0,0,0,1,0.8660254037844386,0.5000000000000001,2018,2,0,0,0,0,0,0,0,1,16265.0,14035.0,17411.0
2018-03,19001,58.55,51.75,66.28,2.84,6.04,0.0,45.0,59.0,60.0,55.0,58.0,80.0,70.0,0.0,75.0,0.0,0.0,61.0,0.0,32.0,0.0,0.0,0.0,0.0,0.0,64.0,0.0,80.0,0.0,0.0,0.0,0.0,0.0,0.0,0.0,0.0,0.0,68.0,0.0,0.0,0.0,0.0,0.0,92.0,73.0,0.0,83.0,0.0,2018,3,1,0,1,0,0,0,0,1,1.0,6.123233995736766e-17,2018,3,0,0,0,0,1,0,0,1,14718.0,20680.0,16440.666666666668
2018-04,18966,61.99,55.01,71.21,0.03,6.88,94.0,30.0,59.0,60.0,66.0,45.0,80.0,58.0,0.0,75.0,0.0,0.0,86.0,0.0,23.0,0.0,0.0,0.0,0.0,0.0,0.0,0.0,0.0,0.0,0.0,0.0,0.0,0.0,0.0,0.0,0.0,0.0,62.0,0.0,0.0,0.0,0.0,0.0,0.0,61.0,0.0,62.0,0.0,2018,4,2,0,1,0,0,0,0,1,0.8660254037844387,-0.4999999999999998,2018,4,0,0,0,0,1,0,0,0,19001.0,25234.0,16661.333333333332
2018-05,25173,62.68,57.53,69.74,0.06,6.79,85.0,85.0,55.0,58.0,50.0,50.0,67.0,55.0,0.0,81.0,0.0,0.0,0.0,0.0,22.0,0.0,0.0,0.0,0.0,0.0,69.0,0.0,0.0,0.0,0.0,0.0,0.0,0.0,0.0,0.0,0.0,0.0,61.0,0.0,0.0,0.0,0.0,0.0,0.0,61.0,0.0,63.0,0.0,2018,5,2,0,1,0,0,0,0,1,0.4999999999999999,-0.8660254037844387,2018,5,0,0,0,0,0,0,0,0,18966.0,30029.0,17561.666666666668
2018-06,22171,67.07,61.55,75.16,0.0,6.86,0.0,48.0,59.0,68.0,62.0,67.0,64.0,61.0,0.0,76.0,0.0,0.0,0.0,0.0,25.0,0.0,0.0,0.0,0.0,0.0,0.0,0.0,0.0,0.0,0.0,0.0,0.0,0.0,0.0,0.0,0.0,0.0,78.0,0.0,100.0,0.0,0.0,0.0,0.0,75.0,0.0,73.0,0.0,2018,6,2,0,0,1,0,0,1,0,1.2246467991473532e-16,-1.0,2018,6,0,0,0,1,0,0,0,1,25173.0,22169.0,21046.666666666668
2018-07,23136,75.39,69.2,84.44,0.0,7.01,70.0,58.0,69.0,100.0,71.0,65.0,73.0,67.0,0.0,72.0,0.0,0.0,76.0,0.0,35.0,0.0,0.0,0.0,0.0,0.0,0.0,0.0,73.0,0.0,0.0,0.0,0.0,0.0,0.0,0.0,0.0,0.0,100.0,0.0,0.0,0.0,0.0,0.0,0.0,84.0,0.0,85.0,0.0,2018,7,3,0,0,1,0,0,1,0,-0.4999999999999997,-0.8660254037844388,2018,7,0,0,0,1,0,0,0,0,22171.0,30831.0,22103.333333333332
2018-08,20815,74.9,68.95,83.4,0.0,6.46,0.0,67.0,59.0,71.0,62.0,55.0,65.0,57.0,0.0,64.0,0.0,0.0,64.0,0.0,31.0,0.0,0.0,0.0,0.0,0.0,0.0,0.0,0.0,100.0,0.0,0.0,0.0,0.0,0.0,0.0,0.0,0.0,77.0,0.0,0.0,0.0,0.0,0.0,0.0,71.0,0.0,88.0,0.0,2018,8,3,0,0,1,0,0,1,0,-0.8660254037844384,-0.5000000000000004,2018,8,0,0,0,1,0,0,0,0,23136.0,27009.0,23493.333333333332
2018-09,21020,70.03,64.2,78.76,0.0,5.85,100.0,62.0,50.0,57.0,44.0,39.0,64.0,55.0,0.0,70.0,0.0,0.0,65.0,0.0,28.0,0.0,0.0,0.0,0.0,0.0,0.0,0.0,0.0,0.0,0.0,0.0,54.0,0.0,0.0,0.0,0.0,0.0,69.0,0.0,0.0,0.0,0.0,0.0,0.0,58.0,0.0,71.0,0.0,2018,9,3,0,0,0,1,0,0,1,-1.0,-1.8369701987210292e-16,2018,9,0,0,0,0,0,0,0,1,20815.0,23403.0,22040.666666666668
2018-10,19280,67.88,60.76,76.94,0.45,5.11,0.0,62.0,43.0,49.0,37.0,41.0,56.0,42.0,0.0,96.0,0.0,0.0,59.0,0.0,15.0,0.0,0.0,0.0,0.0,0.0,0.0,0.0,0.0,0.0,0.0,0.0,41.0,84.0,0.0,0.0,0.0,0.0,53.0,0.0,0.0,10.0,0.0,0.0,0.0,48.0,0.0,57.0,0.0,2018,10,4,0,0,0,1,0,0,1,-0.8660254037844386,0.5000000000000001,2018,10,0,1,0,0,0,1,0,0,21020.0,22164.0,21657.0
2018-11,17163,63.66,54.55,74.31,1.61,4.11,0.0,43.0,46.0,50.0,40.0,38.0,57.0,47.0,0.0,77.0,0.0,0.0,60.0,0.0,22.0,0.0,0.0,0.0,100.0,0.0,0.0,0.0,0.0,0.0,0.0,0.0,0.0,0.0,0.0,0.0,0.0,0.0,62.0,0.0,0.0,24.0,0.0,0.0,0.0,52.0,28.0,53.0,0.0,2018,11,4,0,0,0,1,1,0,1,-0.5000000000000004,0.8660254037844384,2018,11,0,0,1,0,0,0,0,0,19280.0,17629.0,20371.666666666668
2018-12,17722,57.5,49.52,66.74,2.0,4.53,66.0,50.0,55.0,65.0,48.0,50.0,59.0,64.0,0.0,67.0,0.0,0.0,70.0,0.0,32.0,0.0,0.0,0.0,0.0,0.0,0.0,0.0,0.0,0.0,0.0,0.0,0.0,0.0,0.0,0.0,0.0,0.0,68.0,0.0,0.0,61.0,0.0,35.0,0.0,69.0,82.0,80.0,0.0,2018,12,4,1,0,0,0,1,0,1,-2.4492935982947064e-16,1.0,2018,12,0,0,1,0,0,0,1,0,17163.0,18339.0,19154.333333333332
2019-01,13958,56.6,48.8,65.31,5.32,4.82,0.0,58.0,56.0,62.0,50.0,41.0,69.0,81.0,0.0,49.0,0.0,0.0,56.0,0.0,56.0,0.0,0.0,0.0,0.0,0.0,0.0,0.0,99.0,0.0,0.0,0.0,0.0,0.0,0.0,0.0,0.0,66.0,70.0,0.0,0.0,0.0,77.0,99.0,89.0,60.0,0.0,68.0,0.0,2019,1,1,1,0,0,0,0,0,1,0.4999999999999999,0.8660254037844387,2019,1,1,0,0,0,0,0,1,0,17722.0,16265.0,18055.0
2019-02,10737,52.94,46.19,60.14,5.44,6.77,0.0,42.0,47.0,49.0,52.0,35.0,71.0,85.0,0.0,49.0,0.0,0.0,76.0,0.0,80.0,0.0,0.0,0.0,74.0,0.0,0.0,0.0,0.0,0.0,0.0,0.0,0.0,0.0,0.0,0.0,0.0,100.0,61.0,0.0,0.0,0.0,100.0,0.0,84.0,54.0,0.0,60.0,0.0,2019,2,1,1,0,0,0,0,0,1,0.8660254037844386,0.5000000000000001,2019,2,0,0,0,0,0,0,0,1,13958.0,14718.0,16281.0
2019-03,17056,59.39,52.13,67.52,2.06,6.38,0.0,65.0,52.0,58.0,54.0,44.0,64.0,63.0,0.0,67.0,0.0,0.0,49.0,0.0,29.0,0.0,0.0,0.0,0.0,0.0,0.0,0.0,67.0,0.0,0.0,0.0,66.0,0.0,0.0,0.0,0.0,0.0,69.0,0.0,0.0,0.0,0.0,0.0,75.0,62.0,0.0,74.0,0.0,2019,3,1,0,1,0,0,0,0,1,1.0,6.123233995736766e-17,2019,3,0,0,0,0,1,0,0,1,10737.0,19001.0,14139.0
2019-04,21074,62.55,56.47,70.83,0.06,6.86,0.0,75.0,51.0,55.0,58.0,41.0,69.0,59.0,0.0,71.0,0.0,0.0,63.0,0.0,31.0,0.0,0.0,0.0,0.0,63.0,0.0,0.0,0.0,0.0,0.0,0.0,0.0,95.0,0.0,0.0,0.0,0.0,64.0,0.0,0.0,0.0,0.0,0.0,0.0,59.0,0.0,74.0,0.0,2019,4,2,0,1,0,0,0,0,1,0.8660254037844387,-0.4999999999999998,2019,4,0,0,0,0,1,0,0,0,17056.0,18966.0,13917.0
2019-05,26041,61.57,56.46,68.01,0.78,7.11,79.0,60.0,51.0,56.0,52.0,47.0,63.0,60.0,0.0,81.0,0.0,0.0,55.0,0.0,34.0,0.0,0.0,0.0,58.0,0.0,0.0,0.0,0.0,0.0,0.0,0.0,0.0,0.0,0.0,0.0,0.0,0.0,71.0,0.0,0.0,0.0,0.0,0.0,38.0,60.0,0.0,74.0,0.0,2019,5,2,0,1,0,0,0,0,1,0.4999999999999999,-0.8660254037844387,2019,5,0,0,0,0,0,0,0,0,21074.0,25173.0,16289.0
2019-06,20226,66.64,61.78,74.16,0.02,5.01,0.0,47.0,55.0,66.0,91.0,52.0,62.0,71.0,0.0,66.0,0.0,0.0,66.0,0.0,42.0,0.0,0.0,46.0,0.0,0.0,0.0,0.0,0.0,0.0,0.0,0.0,50.0,0.0,0.0,0.0,0.0,0.0,82.0,0.0,0.0,0.0,0.0,0.0,0.0,71.0,0.0,81.0,0.0,2019,6,2,0,0,1,0,0,1,0,1.2246467991473532e-16,-1.0,2019,6,0,0,0,1,0,0,0,1,26041.0,22171.0,21390.333333333332
2019-07,24097,71.91,65.36,81.13,0.03,2.99,52.0,89.0,59.0,75.0,100.0,57.0,70.0,70.0,0.0,65.0,0.0,0.0,74.0,0.0,37.0,0.0,0.0,0.0,0.0,0.0,0.0,0.0,0.0,0.0,0.0,0.0,0.0,0.0,0.0,0.0,0.0,0.0,87.0,0.0,0.0,0.0,0.0,0.0,0.0,77.0,0.0,92.0,0.0,2019,7,3,0,0,1,0,0,1,0,-0.4999999999999997,-0.8660254037844388,2019,7,0,0,0,1,0,0,0,0,20226.0,23136.0,22447.0
2019-08,20921,72.87,65.75,82.89,0.0,2.71,0.0,89.0,57.0,70.0,71.0,48.0,62.0,56.0,0.0,64.0,0.0,0.0,0.0,0.0,30.0,0.0,0.0,0.0,0.0,0.0,0.0,0.0,0.0,0.0,0.0,0.0,0.0,0.0,0.0,0.0,0.0,0.0,76.0,0.0,0.0,0.0,0.0,0.0,0.0,70.0,0.0,78.0,0.0,2019,8,3,0,0,1,0,0,1,0,-0.8660254037844384,-0.5000000000000004,2019,8,0,0,0,1,0,0,0,0,24097.0,20815.0,23454.666666666668
2019-09,17689,74.08,67.21,83.25,0.02,2.63,0.0,63.0,42.0,54.0,50.0,34.0,59.0,47.0,0.0,64.0,0.0,0.0,53.0,0.0,31.0,0.0,0.0,0.0,0.0,0.0,0.0,0.0,0.0,0.0,0.0,0.0,0.0,0.0,0.0,0.0,0.0,0.0,57.0,0.0,0.0,0.0,0.0,0.0,0.0,53.0,0.0,62.0,0.0,2019,9,3,0,0,0,1,0,0,1,-1.0,-1.8369701987210292e-16,2019,9,0,0,0,0,0,0,0,1,20921.0,21020.0,21748.0
2019-10,18822,69.95,60.08,82.01,0.0,2.19,0.0,60.0,74.0,44.0,42.0,34.0,59.0,39.0,0.0,84.0,0.0,0.0,45.0,0.0,21.0,0.0,0.0,0.0,0.0,0.0,0.0,0.0,0.0,0.0,0.0,0.0,0.0,0.0,0.0,0.0,0.0,0.0,53.0,0.0,0.0,11.0,0.0,0.0,0.0,51.0,0.0,57.0,0.0,2019,10,4,0,0,0,1,0,0,1,-0.8660254037844386,0.5000000000000001,2019,10,0,1,0,0,0,1,0,0,17689.0,19280.0,20902.333333333332
2019-11,15507,63.13,54.55,73.88,1.63,2.06,0.0,46.0,51.0,46.0,44.0,32.0,66.0,47.0,0.0,82.0,100.0,0.0,0.0,0.0,20.0,0.0,0.0,0.0,0.0,0.0,0.0,0.0,0.0,0.0,0.0,0.0,0.0,0.0,0.0,0.0,0.0,0.0,58.0,0.0,0.0,25.0,0.0,0.0,0.0,57.0,35.0,73.0,0.0,2019,11,4,0,0,0,1,1,0,1,-0.5000000000000004,0.8660254037844384,2019,11,0,0,1,0,0,0,0,0,18822.0,17163.0,19144.0
2019-12,15398,58.17,50.6,66.44,4.15,2.25,0.0,47.0,54.0,53.0,46.0,43.0,54.0,62.0,0.0,62.0,0.0,0.0,66.0,0.0,27.0,0.0,0.0,0.0,0.0,0.0,0.0,0.0,69.0,0.0,0.0,0.0,0.0,0.0,0.0,0.0,0.0,0.0,60.0,0.0,0.0,56.0,0.0,37.0,0.0,64.0,100.0,74.0,0.0,2019,12,4,1,0,0,0,1,0,1,-2.4492935982947064e-16,1.0,2019,12,0,0,1,0,0,0,1,0,15507.0,17722.0,17339.333333333332
2020-01,15518,59.12,50.98,69.29,0.26,1.83,0.0,30.0,53.0,50.0,49.0,33.0,59.0,66.0,0.0,46.0,0.0,0.0,0.0,0.0,49.0,0.0,0.0,40.0,0.0,0.0,0.0,0.0,0.0,0.0,0.0,0.0,0.0,0.0,0.0,0.0,0.0,0.0,59.0,0.0,0.0,0.0,66.0,81.0,0.0,55.0,0.0,70.0,0.0,2020,1,1,1,0,0,0,0,0,1,0.4999999999999999,0.8660254037844387,2020,1,1,0,0,0,0,0,1,0,15398.0,13958.0,16575.666666666668
2020-02,12997,61.02,52.22,71.16,0.02,2.33,0.0,61.0,46.0,49.0,45.0,29.0,56.0,58.0,0.0,51.0,0.0,0.0,0.0,0.0,25.0,0.0,0.0,0.0,0.0,0.0,0.0,0.0,0.0,0.0,0.0,0.0,52.0,0.0,0.0,0.0,0.0,0.0,56.0,0.0,0.0,0.0,72.0,0.0,0.0,52.0,0.0,71.0,0.0,2020,2,1,1,0,0,0,0,0,1,0.8660254037844386,0.5000000000000001,2020,2,0,0,0,0,0,0,0,1,15518.0,10737.0,15474.333333333334
2020-03,4520,59.64,53.39,66.96,4.29,3.4,0.0,25.0,24.0,23.0,25.0,13.0,39.0,27.0,0.0,23.0,0.0,0.0,0.0,0.0,9.0,0.0,0.0,0.0,0.0,0.0,0.0,0.0,0.0,0.0,0.0,0.0,0.0,0.0,0.0,0.0,0.0,0.0,27.0,0.0,0.0,0.0,0.0,0.0,56.0,24.0,0.0,28.0,0.0,2020,3,1,0,1,0,0,0,0,1,1.0,6.123233995736766e-17,2020,3,0,0,0,0,1,0,0,1,12997.0,17056.0,14637.666666666666
2020-04,0,64.48,57.94,72.49,2.93,3.12,0.0,18.0,21.0,5.0,11.0,5.0,31.0,4.0,0.0,13.0,0.0,64.0,0.0,0.0,0.0,0.0,0.0,0.0,0.0,0.0,0.0,0.0,0.0,0.0,0.0,0.0,0.0,0.0,0.0,0.0,0.0,0.0,3.0,0.0,0.0,0.0,0.0,0.0,0.0,4.0,0.0,0.0,0.0,2020,4,2,0,1,0,0,0,0,1,0.8660254037844387,-0.4999999999999998,2020,4,0,0,0,0,1,0,0,0,4520.0,21074.0,11011.666666666666
2020-05,0,68.51,61.29,77.34,0.2,3.2,0.0,0.0,14.0,11.0,14.0,7.0,34.0,10.0,0.0,25.0,0.0,0.0,0.0,0.0,0.0,0.0,0.0,0.0,0.0,0.0,0.0,0.0,0.0,0.0,0.0,0.0,0.0,0.0,85.0,0.0,0.0,0.0,8.0,0.0,0.0,0.0,0.0,0.0,0.0,8.0,0.0,0.0,0.0,2020,5,2,0,1,0,0,0,0,1,0.4999999999999999,-0.8660254037844387,2020,5,0,0,0,0,0,0,0,0,0.0,26041.0,5839.0
2020-06,0,69.37,63.24,77.54,0.0,3.25,0.0,0.0,14.0,14.0,15.0,11.0,40.0,29.0,0.0,26.0,0.0,0.0,0.0,0.0,0.0,0.0,0.0,0.0,0.0,0.0,0.0,0.0,0.0,0.0,0.0,0.0,0.0,0.0,0.0,0.0,0.0,0.0,16.0,0.0,0.0,0.0,0.0,0.0,0.0,16.0,0.0,6.0,0.0,2020,6,2,0,0,1,0,0,1,0,1.2246467991473532e-16,-1.0,2020,6,0,0,0,1,0,0,0,1,0.0,20226.0,1506.6666666666667
2020-07,0,70.02,62.91,79.43,0.0,2.88,0.0,0.0,13.0,15.0,13.0,15.0,30.0,17.0,0.0,26.0,0.0,0.0,0.0,0.0,0.0,0.0,0.0,0.0,0.0,0.0,0.0,0.0,0.0,0.0,0.0,0.0,0.0,0.0,0.0,0.0,0.0,0.0,18.0,0.0,0.0,0.0,0.0,0.0,0.0,19.0,0.0,13.0,0.0,2020,7,3,0,0,1,0,0,1,0,-0.4999999999999997,-0.8660254037844388,2020,7,0,0,0,1,0,0,0,0,0.0,24097.0,0.0
2020-08,0,74.1,67.07,84.23,0.0,2.61,0.0,22.0,14.0,14.0,15.0,16.0,30.0,21.0,0.0,20.0,0.0,0.0,0.0,0.0,0.0,0.0,0.0,0.0,0.0,0.0,0.0,0.0,0.0,0.0,0.0,0.0,0.0,0.0,0.0,0.0,0.0,0.0,24.0,0.0,0.0,0.0,0.0,0.0,0.0,23.0,0.0,18.0,0.0,2020,8,3,0,0,1,0,0,1,0,-0.8660254037844384,-0.5000000000000004,2020,8,0,0,0,1,0,0,0,0,0.0,20921.0,0.0
2020-09,0,73.44,65.31,84.99,0.0,2.05,55.0,46.0,13.0,15.0,17.0,19.0,36.0,23.0,0.0,33.0,0.0,0.0,0.0,0.0,0.0,0.0,0.0,0.0,0.0,0.0,52.0,0.0,0.0,0.0,0.0,0.0,0.0,0.0,0.0,0.0,0.0,0.0,23.0,0.0,0.0,0.0,0.0,0.0,0.0,27.0,0.0,24.0,0.0,2020,9,3,0,0,0,1,0,0,1,-1.0,-1.8369701987210292e-16,2020,9,0,0,0,0,0,0,0,1,0.0,17689.0,0.0
2020-10,0,70.76,62.87,81.47,0.0,1.76,0.0,0.0,13.0,14.0,18.0,26.0,32.0,27.0,0.0,37.0,0.0,0.0,0.0,0.0,0.0,0.0,0.0,0.0,0.0,0.0,0.0,0.0,0.0,0.0,0.0,0.0,0.0,0.0,0.0,0.0,0.0,0.0,26.0,0.0,0.0,0.0,0.0,0.0,0.0,34.0,0.0,22.0,0.0,2020,10,4,0,0,0,1,0,0,1,-0.8660254037844386,0.5000000000000001,2020,10,0,1,0,0,0,1,0,0,0.0,18822.0,0.0
2020-11,0,60.77,51.97,72.16,0.08,1.94,0.0,0.0,11.0,14.0,14.0,16.0,33.0,19.0,0.0,32.0,0.0,0.0,0.0,0.0,0.0,0.0,0.0,0.0,0.0,0.0,0.0,0.0,52.0,0.0,0.0,0.0,0.0,0.0,0.0,0.0,0.0,0.0,19.0,0.0,0.0,0.0,0.0,0.0,0.0,20.0,0.0,23.0,0.0,2020,11,4,0,0,0,1,1,0,1,-0.5000000000000004,0.8660254037844384,2020,11,0,0,1,0,0,0,0,0,0.0,15507.0,0.0
2020-12,0,57.75,48.25,70.08,1.32,1.79,0.0,0.0,7.0,17.0,11.0,13.0,23.0,11.0,0.0,22.0,0.0,0.0,0.0,100.0,0.0,0.0,0.0,0.0,0.0,0.0,0.0,0.0,0.0,0.0,0.0,0.0,0.0,0.0,0.0,0.0,0.0,0.0,12.0,0.0,0.0,9.0,0.0,0.0,0.0,15.0,27.0,10.0,0.0,2020,12,4,1,0,0,0,1,0,1,-2.4492935982947064e-16,1.0,2020,12,0,0,1,0,0,0,1,0,0.0,15398.0,0.0
2021-01,0,57.3,48.41,68.51,1.88,1.96,0.0,0.0,9.0,14.0,16.0,11.0,26.0,18.0,0.0,19.0,0.0,0.0,52.0,0.0,0.0,0.0,0.0,0.0,0.0,0.0,0.0,0.0,0.0,0.0,0.0,0.0,0.0,0.0,0.0,0.0,0.0,0.0,16.0,0.0,0.0,0.0,0.0,0.0,0.0,18.0,0.0,13.0,0.0,2021,1,1,1,0,0,0,0,0,1,0.4999999999999999,0.8660254037844387,2021,1,1,0,0,0,0,0,1,0,0.0,15518.0,0.0
2021-02,0,58.83,50.56,68.94,0.02,2.51,0.0,0.0,13.0,16.0,20.0,18.0,37.0,36.0,0.0,26.0,0.0,0.0,0.0,0.0,0.0,0.0,0.0,0.0,0.0,0.0,0.0,0.0,0.0,0.0,0.0,0.0,0.0,0.0,0.0,0.0,0.0,0.0,22.0,0.0,0.0,0.0,0.0,0.0,0.0,27.0,0.0,21.0,0.0,2021,2,1,1,0,0,0,0,0,1,0.8660254037844386,0.5000000000000001,2021,2,0,0,0,0,0,0,0,1,0.0,12997.0,0.0
2021-03,0,57.91,50.02,67.25,1.17,3.23,0.0,0.0,18.0,21.0,24.0,23.0,42.0,57.0,0.0,33.0,0.0,0.0,0.0,0.0,6.0,0.0,0.0,0.0,0.0,0.0,0.0,0.0,70.0,0.0,0.0,0.0,0.0,82.0,0.0,0.0,0.0,0.0,31.0,0.0,0.0,0.0,0.0,0.0,0.0,38.0,0.0,21.0,0.0,2021,3,1,0,1,0,0,0,0,1,1.0,6.123233995736766e-17,2021,3,0,0,0,0,1,0,0,1,0.0,4520.0,0.0
2021-04,0,62.55,55.31,71.51,0.0,2.93,0.0,47.0,25.0,24.0,41.0,21.0,47.0,59.0,0.0,44.0,0.0,0.0,59.0,0.0,10.0,0.0,0.0,0.0,0.0,0.0,0.0,0.0,0.0,0.0,0.0,0.0,0.0,0.0,0.0,0.0,0.0,0.0,33.0,0.0,0.0,0.0,0.0,0.0,0.0,40.0,0.0,30.0,0.0,2021,4,2,0,1,0,0,0,0,1,0.8660254037844387,-0.4999999999999998,2021,4,0,0,0,0,1,0,0,0,0.0,0.0,0.0
2021-05,0,64.1,59.05,71.32,0.0,2.85,0.0,26.0,33.0,34.0,46.0,32.0,48.0,61.0,0.0,49.0,0.0,0.0,40.0,0.0,17.0,0.0,0.0,0.0,0.0,0.0,0.0,0.0,0.0,0.0,0.0,0.0,0.0,0.0,0.0,0.0,0.0,0.0,38.0,0.0,0.0,0.0,0.0,0.0,0.0,47.0,0.0,49.0,0.0,2021,5,2,0,1,0,0,0,0,1,0.4999999999999999,-0.8660254037844387,2021,5,0,0,0,0,0,0,0,0,0.0,0.0,0.0
2021-06,3710,64.94,60.26,73.22,0.0,3.36,0.0,31.0,36.0,40.5,58.0,31.0,49.0,70.0,0.0,44.5,0.0,0.0,0.0,0.0,11.0,0.0,0.0,0.0,0.0,0.0,0.0,0.0,0.0,0.0,0.0,0.0,0.0,0.0,0.0,0.0,0.0,0.0,56.0,0.0,0.0,0.0,0.0,0.0,0.0,60.0,0.0,45.0,0.0,2021,6,2,0,0,1,0,0,1,0,1.2246467991473532e-16,-1.0,2021,6,0,0,0,1,0,0,0,1,0.0,0.0,0.0
